# time;posAbsolute;posOnDrive;energy
26.00000;0.00000;0.00000;1.00000
28.00000;2.00000;2.00000;5.00000
30.00000;4.00000;4.00000;4.00000
32.00000;5.00000;1.00000;3.00000
34.00000;7.00000;3.00000;7.00000
36.00000;8.00000;0.00000;1.00000
38.00000;10.00000;2.00000;5.00000
