# time;posAbsolute;posOnDrive;energy
31.00000;0.00000;0.00000;1.00000
33.00000;2.00000;2.00000;5.00000
35.00000;4.00000;4.00000;4.00000
37.00000;5.00000;1.00000;3.00000
39.00000;7.00000;3.00000;7.00000
41.00000;8.00000;0.00000;1.00000
43.00000;10.00000;2.00000;5.00000
