# time (ms);position (mm);energy (W)
12.00000;1.00000;2.00000
14.00000;3.00000;2.00000
16.00000;0.00000;1.00000
18.00000;2.00000;2.00000
20.00000;4.00000;1.00000
22.00000;1.00000;2.00000
