# time (ms);position (mm);energy (W)
25.00000;0.00000;0.00000
27.00000;1.00000;2.00000
29.00000;3.00000;2.00000
31.00000;0.00000;1.00000
33.00000;2.00000;2.00000
35.00000;4.00000;1.00000
37.00000;1.00000;2.00000
