# time (ms);position (mm);energy (W)
26.00000;0.00000;1.00000
38.00000;2.00000;2.00000
40.00000;4.00000;1.00000
42.00000;1.00000;2.00000
44.00000;3.00000;2.00000
46.00000;0.00000;1.00000
48.00000;2.00000;2.00000
