# time (ms);position (mm);energy (W)
32.00000;1.00000;2.00000
34.00000;3.00000;2.00000
36.00000;0.00000;1.00000
38.00000;2.00000;2.00000
40.00000;4.00000;1.00000
42.00000;1.00000;2.00000
