# time (ms);position (mm);energy (W)
7.00000;1.00000;2.00000
9.00000;3.00000;2.00000
11.00000;0.00000;1.00000
13.00000;2.00000;2.00000
15.00000;4.00000;1.00000
17.00000;1.00000;2.00000
